test,predict
3.439888889,3.6648836
3.566666667,3.6460433
3.6527777780000004,3.5076175
4.180555556,3.5340505
3.887,3.475277
3.747111111,3.3927622
3.7238888889999995,3.1996598
3.6333333329999995,3.2172897
3.439555556,3.0840833
3.402666667,3.2524586
3.162777778,3.3673046
3.145888889,3.4858396
3.336222222,3.2267487
3.028777778,3.2483258
2.881555556,3.1874738
2.794666667,3.2898698
2.818555556,3.4719164
2.762222222,3.3320112
2.901111111,3.1776156
2.9221111109999995,2.9878469
2.893666667,2.8696072
2.941111111,3.0286613
2.9066666670000005,3.3749263
