test,predict
4.449555556,3.6617465
4.023333333,3.5556512
3.948444444,3.1691108
3.3478888890000005,2.9741328
3.348,3.114695
3.424,3.4043975
3.420888889,3.1956503
3.226666667,3.1656718
3.051333333,3.4465263
3.029444444,3.074703
3.196555556,3.0103848
3.096888889,2.8423567
3.162777778,2.880739
3.1025555559999995,3.0025868
3.053555556,3.0055802
3.005888889,2.8764336
3.043444444,2.9158041
3.149888889,2.9552586
3.121888889,2.931384
3.016777778,2.906613
3.085555556,3.2763226
3.0960000000000005,2.9452229
2.971333333,3.077566
