test,predict
3.546444444,3.8208017
3.666222222,3.7776737
3.271777778,3.701019
3.419888889,3.8490481
3.2675555560000005,3.751568
3.297333333,3.4419198
3.220222222,3.6221595
3.066444444,3.4832847
3.261555556,3.3933568
3.442888889,3.3930821
3.465555556,3.5841377
3.334333333,3.4425645
3.401333333,3.1213899
3.192333333,3.2251103
3.067,3.0863538
2.997222222,2.9499173
2.784222222,3.029316
2.89,3.0123315
2.818777778,3.1232166
2.868555556,3.0665507
2.731222222,3.263495
2.762777778,3.2702181
2.698666667,3.1218956
