test,predict
3.439888889,3.5241034
3.566666667,3.5106137
3.6527777780000004,3.5431018
4.180555556,3.5556426
3.887,3.4431152
3.747111111,3.4060369
3.7238888889999995,3.3035622
3.6333333329999995,3.23391
3.439555556,3.0248415
3.402666667,3.1238859
3.162777778,3.156654
3.145888889,3.190748
3.336222222,3.210746
3.028777778,3.2829762
2.881555556,3.3413417
2.794666667,3.4252937
2.818555556,3.308086
2.762222222,3.0177352
2.901111111,3.0571396
2.9221111109999995,2.98068
2.893666667,2.9153714
2.941111111,3.0371034
2.9066666670000005,3.4090796
