test,predict
3.594333333,3.775894
3.756555556,3.6575208
3.578666667,3.5381927
3.8262222219999997,3.6228
3.568,3.737947
3.4548888889999994,3.513033
3.328888889,3.5069814
3.435555556,3.4574878
3.204111111,3.2487075
3.068444444,3.3599615
3.132333333,3.3153787
3.177444444,3.158224
3.168111111,3.1679225
3.5284444439999993,3.1874864
3.7358888889999995,3.2072484
3.756444444,3.4517932
3.478,3.2509995
3.491555556,3.454096
2.904555556,3.3340747
2.812444444,3.0544767
2.623222222,2.9439147
2.786333333,3.1312823
2.687777778,3.0379713
