test,predict
3.6432222219999995,3.4613674
3.383777778,3.4886293
3.339777778,3.4331646
4.044,3.3998954
3.680888889,3.5058882
3.424777778,3.309134
3.466111111,3.3815672
3.470333333,3.1212869
3.522222222,3.123975
3.398666667,3.224703
3.265777778,3.2669852
3.177222222,3.3254185
3.268555556,3.2581298
3.263222222,3.3514292
3.061888889,2.99511
3.212666667,2.9315276
3.219111111,2.9484682
3.1401111110000004,2.9564042
3.081222222,2.9469664
3.1951111110000006,2.832859
3.164777778,2.744749
3.287888889,2.7787468
3.361111111,2.736479
